class,area_px,area_mm2
root,2478,112.75979580229057
stem,254,11.558106591518081
leaf,1203,54.741741061402564
