{
  "job_id": "36658f4a17024475848b2883a6d27c2c",
  "file_name": "photo.jpg",
  "mm_per_px": 0.213317502,
  "areas_px": {
    "root": 2478,
    "stem": 254,
    "leaf": 1203
  },
  "areas_mm2": {
    "root": 112.75979580229057,
    "stem": 11.558106591518081,
    "leaf": 54.741741061402564
  },
  "lengths_px": {
    "root": 139.6812408671319,
    "stem": 31.556349186104047,
    "leaf": 43.798989873223334
  },
  "lengths_mm": {
    "root": 29.796453378036887,
    "stem": 6.731521580619448,
    "leaf": 9.343091109879298
  },
  "params": {
    "grayscale": false,
    "contrast": 1.0,
    "brightness": 0,
    "saturation": 1.0,
    "blur": 0.0,
    "conf": 0.1,
    "connect_dist": 100.0,
    "root_overlap": 0.6
  }
}