class,area_px,area_mm2
root,2690,122.4067194141088
stem,1197,54.46871492144545
leaf,2193,99.79105415432737
