{
  "job_id": "09b4c84badee449fa1f8763f65906121",
  "file_name": "arugula_20260219162222006.jpg",
  "mm_per_px": 0.213317502,
  "areas_px": {
    "root": 7161,
    "stem": 1869,
    "leaf": 3573
  },
  "areas_mm2": {
    "root": 325.85669803882274,
    "stem": 85.04764259664289,
    "leaf": 162.58706634446497
  },
  "lengths_px": {
    "root": 922.1929256781588,
    "stem": 166.63961030678928,
    "leaf": 59.49747468305833
  },
  "lengths_mm": {
    "root": 196.71989126773647,
    "stem": 35.54714540489774,
    "leaf": 12.691852674698245
  },
  "params": {
    "grayscale": false,
    "contrast": 1.0,
    "brightness": 0,
    "saturation": 1.0,
    "blur": 0.0,
    "conf": 0.1,
    "connect_dist": 100.0,
    "root_overlap": 0.6
  }
}