class,area_px,area_mm2
root,7161,325.85669803882274
stem,1869,85.04764259664289
leaf,3573,162.58706634446497
