class,area_px,area_mm2,area_cm2
root,11719,533.265555692915,5.33265555692915
stem,1082,49.23571390560065,0.4923571390560065
leaf,11135,506.6910114037552,5.066910114037552
