{
  "job_id": "065b55e9321d42428047fc5f28e521a6",
  "file_name": "wheat_20260219142724325.jpg",
  "mm_per_px": 0.213317502,
  "areas_px": {
    "root": 11719,
    "stem": 1082,
    "leaf": 11135
  },
  "areas_mm2": {
    "root": 533.265555692915,
    "stem": 49.23571390560065,
    "leaf": 506.6910114037552
  },
  "areas_cm2": {
    "root": 5.33265555692915,
    "stem": 0.4923571390560065,
    "leaf": 5.066910114037552
  },
  "lengths_px": {
    "root": 1244.094587877728,
    "stem": 81.25483399593904,
    "leaf": 448.8183258569795
  },
  "lengths_mm": {
    "root": 265.3871497377964,
    "stem": 17.333078213438394,
    "leaf": 95.74080412363288
  },
  "lengths_cm": {
    "root": 26.53871497377964,
    "stem": 1.7333078213438395,
    "leaf": 9.574080412363289
  },
  "params": {
    "grayscale": false,
    "contrast": 1.0,
    "brightness": 0,
    "saturation": 1.0,
    "blur": 0.0,
    "conf": 0.1,
    "connect_dist": 100.0,
    "root_overlap": 0.6
  }
}