class,area_px,area_mm2,area_cm2
root,218,9.919949751775361,0.09919949751775362
stem,2709,123.27130219063969,1.2327130219063969
leaf,4095,186.34034052073443,1.8634034052073443
