{
  "job_id": "f6e8ab298cf641f38a9e06ed3410c31e",
  "file_name": "photo.jpg",
  "mm_per_px": 0.213317502,
  "areas_px": {
    "root": 218,
    "stem": 2709,
    "leaf": 4095
  },
  "areas_mm2": {
    "root": 9.919949751775361,
    "stem": 123.27130219063969,
    "leaf": 186.34034052073443
  },
  "areas_cm2": {
    "root": 0.09919949751775362,
    "stem": 1.2327130219063969,
    "leaf": 1.8634034052073443
  },
  "lengths_px": {
    "root": 0.0,
    "stem": 130.42640687119285,
    "leaf": 234.3259018078045
  },
  "lengths_mm": {
    "root": 0.0,
    "stem": 27.822235308598493,
    "leaf": 49.98581602753814
  },
  "lengths_cm": {
    "root": 0.0,
    "stem": 2.7822235308598495,
    "leaf": 4.998581602753815
  },
  "params": {
    "grayscale": false,
    "contrast": 1.0,
    "brightness": 0,
    "saturation": 1.0,
    "blur": 0.0,
    "conf": 0.1,
    "connect_dist": 100.0,
    "root_overlap": 0.6
  }
}