class,area_px,area_mm2,area_cm2
root,2108,95.92318383826817,0.9592318383826818
stem,0,0.0,0.0
leaf,1219,55.46981076795488,0.5546981076795489
