{
  "job_id": "dcdb9314b1464b85af245dc014c8ec5e",
  "file_name": "photo.jpg",
  "mm_per_px": 0.213317502,
  "areas_px": {
    "root": 2108,
    "stem": 0,
    "leaf": 1219
  },
  "areas_mm2": {
    "root": 95.92318383826817,
    "stem": 0.0,
    "leaf": 55.46981076795488
  },
  "areas_cm2": {
    "root": 0.9592318383826818,
    "stem": 0.0,
    "leaf": 0.5546981076795489
  },
  "lengths_px": {
    "root": 141.39696961967,
    "stem": 0.0,
    "leaf": 61.242640687119284
  },
  "lengths_mm": {
    "root": 30.16244834963789,
    "stem": 0.0,
    "leaf": 13.064127127259848
  },
  "lengths_cm": {
    "root": 3.016244834963789,
    "stem": 0.0,
    "leaf": 1.3064127127259848
  },
  "params": {
    "grayscale": false,
    "contrast": 1.0,
    "brightness": 0,
    "saturation": 1.0,
    "blur": 0.0,
    "conf": 0.1,
    "connect_dist": 100.0,
    "root_overlap": 0.6
  }
}