{
  "job_id": "73ff1f8502eb4856a2bb84f3cb3c73ec",
  "file_name": "arugula_20260219162230826.jpg",
  "mm_per_px": 0.213317502,
  "areas_px": {
    "root": 6588,
    "stem": 1018,
    "leaf": 16370
  },
  "areas_mm2": {
    "root": 299.78270167291777,
    "stem": 46.323435079391366,
    "leaf": 744.9063185163425
  },
  "lengths_px": {
    "root": 893.6904755831214,
    "stem": 83.74011537017762,
    "leaf": 480.2691193458119
  },
  "lengths_mm": {
    "root": 190.63981981258345,
    "stem": 17.863232227958093,
    "leaf": 102.44980882658847
  },
  "params": {
    "grayscale": false,
    "contrast": 1.0,
    "brightness": 0,
    "saturation": 1.0,
    "blur": 0.0,
    "conf": 0.1,
    "connect_dist": 100.0,
    "root_overlap": 0.6
  }
}