class,area_px,area_mm2
root,6588,299.78270167291777
stem,1018,46.323435079391366
leaf,16370,744.9063185163425
