class,area_px,area_mm2,area_cm2
root,2599,118.26582295809249,1.182658229580925
stem,409,18.611281873743682,0.18611281873743682
leaf,1311,59.656211580630725,0.5965621158063072
