{
  "job_id": "15e56e4d7b6c42559b7f786944d5a8c3",
  "file_name": "photo.jpg",
  "mm_per_px": 0.213317502,
  "areas_px": {
    "root": 2599,
    "stem": 409,
    "leaf": 1311
  },
  "areas_mm2": {
    "root": 118.26582295809249,
    "stem": 18.611281873743682,
    "leaf": 59.656211580630725
  },
  "areas_cm2": {
    "root": 1.182658229580925,
    "stem": 0.18611281873743682,
    "leaf": 0.5965621158063072
  },
  "lengths_px": {
    "root": 55.35533905932738,
    "stem": 49.698484809835,
    "leaf": 41.941125496954285
  },
  "lengths_mm": {
    "root": 11.808262650498746,
    "stem": 10.601556632818948,
    "leaf": 8.946776122078797
  },
  "lengths_cm": {
    "root": 1.1808262650498746,
    "stem": 1.0601556632818947,
    "leaf": 0.8946776122078797
  },
  "params": {
    "grayscale": false,
    "contrast": 1.0,
    "brightness": 0,
    "saturation": 1.0,
    "blur": 0.0,
    "conf": 0.1,
    "connect_dist": 100.0,
    "root_overlap": 0.6
  }
}