class,area_px,area_mm2
root,14919,678.8794970033789
stem,5941,270.34138291420834
leaf,13408,610.1224140908442
