class,area_px,area_mm2
root,4069,185.1572272475869
stem,2544,115.76308334181888
leaf,4350,197.94395146891202
