{
  "job_id": "9e98237bc7994f748ff388a1ed9892bf",
  "file_name": "arugula_20260219162241005.jpg",
  "mm_per_px": 0.213317502,
  "areas_px": {
    "root": 4069,
    "stem": 2544,
    "leaf": 4350
  },
  "areas_mm2": {
    "root": 185.1572272475869,
    "stem": 115.76308334181888,
    "leaf": 197.94395146891202
  },
  "lengths_px": {
    "root": 446.31580054003786,
    "stem": 212.93607486307096,
    "leaf": 112.59797974644667
  },
  "lengths_mm": {
    "root": 95.20697167433113,
    "stem": 45.42299157547529,
    "leaf": 24.019119769758596
  },
  "params": {
    "grayscale": false,
    "contrast": 1.0,
    "brightness": 0,
    "saturation": 1.0,
    "blur": 0.0,
    "conf": 0.1,
    "connect_dist": 100.0,
    "root_overlap": 0.6
  }
}