class,area_px,area_mm2,area_cm2
root,102,4.64144437927104,0.046414443792710404
stem,2170,98.7444539511584,0.9874445395115841
leaf,2115,96.2417143348848,0.9624171433488481
