class,area_px,area_mm2
root,9294,422.9174907935789
stem,5587,254.23284065673826
leaf,12099,550.5572112235325
