class,area_px,area_mm2
root,3954,179.9242262317421
stem,1398,63.61509061000896
leaf,1389,63.20555140007328
