{
  "job_id": "64c0a2730fa245fab2d2f5a1a20958b6",
  "file_name": "arugula_20260219162133107.jpg",
  "mm_per_px": 0.213317502,
  "areas_px": {
    "root": 3954,
    "stem": 1398,
    "leaf": 1389
  },
  "areas_mm2": {
    "root": 179.9242262317421,
    "stem": 63.61509061000896,
    "leaf": 63.20555140007328
  },
  "lengths_px": {
    "root": 177.02438661763952,
    "stem": 155.71067811865476,
    "leaf": 95.66904755831214
  },
  "lengths_mm": {
    "root": 37.76239994635709,
    "stem": 33.21581289099749,
    "leaf": 20.407882243858346
  },
  "params": {
    "grayscale": false,
    "contrast": 1.0,
    "brightness": 0,
    "saturation": 1.0,
    "blur": 0.0,
    "conf": 0.1,
    "connect_dist": 100.0,
    "root_overlap": 0.6
  }
}