class,area_px,area_mm2
root,1630,74.1721013550176
stem,1064,48.41663548572929
leaf,2202,100.20059336426304
