{
  "job_id": "9d8f427fcace4941a001e90cb9752286",
  "file_name": "wheat_20260219144243461.jpg",
  "mm_per_px": 0.213317502,
  "areas_px": {
    "root": 15797,
    "stem": 6551,
    "leaf": 14652
  },
  "areas_mm2": {
    "root": 718.8323221504374,
    "stem": 298.09904047651554,
    "leaf": 666.7298337752871
  },
  "params": {
    "grayscale": false,
    "contrast": 1.0,
    "brightness": 0,
    "saturation": 1.0,
    "blur": 0.0
  }
}