class,area_px,area_mm2
root,15797,718.8323221504374
stem,6551,298.09904047651554
leaf,14652,666.7298337752871
