{
  "job_id": "41f24e8becc84659bdef82027c72e2ea",
  "file_name": "wheat_20260219142921468.jpg",
  "mm_per_px": 0.213317502,
  "areas_px": {
    "root": 14370,
    "stem": 1755,
    "leaf": 5801
  },
  "areas_mm2": {
    "root": 653.8976051973025,
    "stem": 79.8601459374576,
    "leaf": 263.97077298187554
  },
  "params": {
    "grayscale": false,
    "contrast": 1.0,
    "brightness": 0,
    "saturation": 1.0,
    "blur": 0.0
  }
}