class,area_px,area_mm2
root,14370,653.8976051973025
stem,1755,79.8601459374576
leaf,5801,263.97077298187554
