{
  "job_id": "50947e2da9cb436caf1fda00a7ef27d0",
  "file_name": "arugula_20260219162118326.jpg",
  "mm_per_px": 0.213317502,
  "areas_px": {
    "root": 1432,
    "stem": 1184,
    "leaf": 4288
  },
  "areas_mm2": {
    "root": 65.16223873643264,
    "stem": 53.87715828487168,
    "leaf": 195.1226813560218
  },
  "lengths_px": {
    "root": 180.93188820483368,
    "stem": 104.08326112068524,
    "leaf": 69.5269119345812
  },
  "lengths_mm": {
    "root": 38.59593842399838,
    "stem": 22.202781262278293,
    "leaf": 14.831307175658846
  },
  "params": {
    "grayscale": false,
    "contrast": 1.0,
    "brightness": 0,
    "saturation": 1.0,
    "blur": 0.0,
    "conf": 0.1,
    "connect_dist": 100.0,
    "root_overlap": 0.6
  }
}