class,area_px,area_mm2
root,1432,65.16223873643264
stem,1184,53.87715828487168
leaf,4288,195.1226813560218
