class,area_px,area_mm2
root,5577,253.77779709014305
stem,340,15.471481264236802
leaf,1116,50.782862032024326
