class,area_px,area_mm2,area_cm2
root,1649,75.03668413154848,0.7503668413154848
stem,0,0.0,0.0
leaf,1906,86.73130379304513,0.8673130379304513
