{
  "job_id": "c7b882c846ce41fcb7650333f1272edb",
  "file_name": "photo.jpg",
  "mm_per_px": 0.213317502,
  "areas_px": {
    "root": 1649,
    "stem": 0,
    "leaf": 1906
  },
  "areas_mm2": {
    "root": 75.03668413154848,
    "stem": 0.0,
    "leaf": 86.73130379304513
  },
  "areas_cm2": {
    "root": 0.7503668413154848,
    "stem": 0.0,
    "leaf": 0.8673130379304513
  },
  "lengths_px": {
    "root": 313.9482681718907,
    "stem": 0.0,
    "leaf": 84.84062043356595
  },
  "lengths_mm": {
    "root": 66.97066032365382,
    "stem": 0.0,
    "leaf": 18.097989219018444
  },
  "lengths_cm": {
    "root": 6.697066032365382,
    "stem": 0.0,
    "leaf": 1.8097989219018444
  },
  "params": {
    "grayscale": false,
    "contrast": 1.0,
    "brightness": 0,
    "saturation": 1.0,
    "blur": 0.0,
    "conf": 0.1,
    "connect_dist": 100.0,
    "root_overlap": 0.6
  }
}